{
    "fold_0": [0.4051660895347595, 0.029978986829519272, 0.019960394129157066, 0.022001521661877632, 0.021616976708173752, 0.016040420159697533, 0.018463654443621635, 0.013773364014923573, 0.012196483090519905, 0.012919735163450241, 0.012010512873530388, 0.013104834593832493, 0.009966383688151836, 0.011423827148973942, 0.010001803748309612],
    "fold_1": [0.12034916877746582, 0.02234751544892788, 0.018250368535518646, 0.015257621183991432, 0.015079825185239315, 0.011346491053700447, 0.011683204211294651, 0.011044797487556934, 0.009159405715763569, 0.008757337927818298, 0.010394956916570663, 0.007617390714585781, 0.007645084522664547, 0.007850461639463902, 0.007784804794937372],
    "fold_2": [0.08986306935548782, 0.020312780514359474, 0.016335979104042053, 0.012865598313510418, 0.00963851809501648, 0.011312203481793404, 0.009949641302227974, 0.008890616707503796, 0.007822168059647083, 0.006657038815319538, 0.00673012575134635, 0.0071712639182806015, 0.0063629536889493465, 0.0061836545355618, 0.005928095895797014],
    "fold_3": [0.0838240310549736, 0.015794765204191208, 0.012816699221730232, 0.009230921044945717, 0.009764133021235466, 0.00821257010102272, 0.007657530251890421, 0.006983448285609484, 0.006811295170336962, 0.005745278671383858, 0.005563740618526936, 0.00574874971061945, 0.004999412689357996, 0.005104763898998499, 0.004391863010823727],
    "fold_4": [0.059195853769779205, 0.012942478060722351, 0.010846729390323162, 0.009466497227549553, 0.007709083147346973, 0.007044678553938866, 0.00677930423989892, 0.005827550310641527, 0.005535542964935303, 0.005215899087488651, 0.004804051015526056, 0.004564875736832619, 0.004309894982725382, 0.004117715172469616, 0.0038051181472837925]
}