{
    "r2": {
        "fold_0": 0.9818275854894478,
        "fold_1": 0.9841819362289451,
        "fold_2": 0.9822320809607052,
        "fold_3": 0.99152444407493,
        "fold_4": 0.995815624905762
    },  
    "r2_adj": {
        "fold_0": 0.9806686304823973,
        "fold_1": 0.9836913014965923,
        "fold_2": 0.9818679842590804,
        "fold_3": 0.9913947691066762,
        "fold_4": 0.995764546108225
    }
}